"ds_num","ds_name","defendant","complainant","date","status"
1,"Prohibition of Imports of Polyethylene and Polypropylene","Malaysia","Singapore","10January1995","Settled or terminated (withdrawn, mutually agreed solution)"
2,"Standards for Reformulated and Conventional Gasoline","United States","Venezuela, Bolivarian Republic of","24January1995","Implementation notified by respondent"
3,"Measures Concerning the Testing and Inspection of Agricultural Products","Korea, Republic of","United States","4April1995","In consultations"
4,"Standards for Reformulated and Conventional Gasoline","United States","Brazil","10April1995","Implementation notified by respondent"
5,"Measures Concerning the Shelf-Life of Products","Korea, Republic of","United States","3May1995","Settled or terminated (withdrawn, mutually agreed solution)"
6,"Imposition of Import Duties on Automobiles from Japan under Sections 301 and 304 of the Trade act of 1974","United States","Japan","17May1995","Settled or terminated (withdrawn, mutually agreed solution)"
7,"Trade Description of Scallops","European Communities","Canada","19May1995","Settled or terminated (withdrawn, mutually agreed solution)"
8,"Taxes on Alcoholic Beverages","Japan","European Communities","21June1995","Mutually acceptable solution on implementation notified"
9,"Duties on Imports of Cereals","European Communities","Canada","30June1995","Panel established, but not yet composed"
10,"Taxes on Alcoholic Beverages","Japan","Canada","7July1995","Mutually acceptable solution on implementation notified"
11,"Taxes on Alcoholic Beverages","Japan","United States","7July1995","Mutually acceptable solution on implementation notified"
12,"Trade Description of Scallops","European Communities","Peru","18July1995","Settled or terminated (withdrawn, mutually agreed solution)"
13,"Duties on Imports of Grains","European Communities","United States","19July1995","Settled or terminated (withdrawn, mutually agreed solution)"
14,"Trade Description of Scallops","European Communities","Chile","24July1995","Settled or terminated (withdrawn, mutually agreed solution)"
15,"Measures Affecting the Purchase of Telecommunications Equipment","Japan","European Communities","18August1995","In consultations"
16,"Regime for the Importation, Sale and Distribution of Bananas","European Communities","Guatemala; Honduras; Mexico; United States","28September1995","Settled or terminated (withdrawn, mutually agreed solution)"
17,"Duties on Imports of Rice","European Communities","Thailand","5October1995","In consultations"
18,"Measures Affecting Importation of Salmon","Australia","Canada","5October1995","Mutually acceptable solution on implementation notified"
19,"Import Regime for Automobiles","Poland","India","28September1995","Settled or terminated (withdrawn, mutually agreed solution)"
20,"Measures concerning Bottled Water","Korea, Republic of","Canada","8November1995","Settled or terminated (withdrawn, mutually agreed solution)"
21,"Measures Affecting the Importation of Salmonids","Australia","United States","20November1995","Settled or terminated (withdrawn, mutually agreed solution)"
22,"Measures Affecting Desiccated Coconut","Brazil","Philippines","30November1995","Report(s) adopted, no further action required"
23,"Anti-Dumping Investigation in Respect of Imports of Certain Oil Country Tubular Goods (OCTG)","Venezuela, Bolivarian Republic of","Mexico","5December1995","Settled or terminated (withdrawn, mutually agreed solution)"
24,"Restrictions on Imports of Cotton and Man-Made Fibre Underwear","United States","Costa Rica","22December1995","Implementation notified by respondent"
25,"Implementation of the Uruguay Round Commitments Concerning Rice","European Communities","Uruguay","14December1995","In consultations"
26,"Measures Concerning Meat and Meat Products (Hormones)","European Communities","United States","26January1996","Mutually acceptable solution on implementation notified"
27,"Regime for the Importation, Sale and Distribution of Bananas","European Communities","Ecuador; Guatemala; Honduras; Mexico; United States","5February1996","Settled or terminated (withdrawn, mutually agreed solution)"
28,"Measures Concerning Sound Recordings","Japan","United States","9February1996","Settled or terminated (withdrawn, mutually agreed solution)"
29,"Restrictions on Imports of Textile and Clothing Products","Turkey","Hong Kong, China","12February1996","In consultations"
30,"Countervailing Duties on Imports of Desiccated Coconut and Coconut Milk Powder from Sri Lanka","Brazil","Sri Lanka","23February1996","In consultations"
31,"Certain Measures Concerning Periodicals","Canada","United States","11March1996","Implementation notified by respondent"
32,"Measures Affecting Imports of Women’s and Girls’ Wool Coats","United States","India","14March1996","Settled or terminated (withdrawn, mutually agreed solution)"
33,"Measures Affecting Imports of Woven Wool Shirts and Blouses from India","United States","India","14March1996","Mutually acceptable solution on implementation notified"
34,"Restrictions on Imports of Textile and Clothing Products","Turkey","India","21March1996","Mutually acceptable solution on implementation notified"
35,"Export Subsidies in respect of Agricultural Products","Hungary","Argentina; Australia; Canada; New Zealand; Thailand; United States","27March1996","Settled or terminated (withdrawn, mutually agreed solution)"
36,"Patent Protection for Pharmaceutical and Agricultural Chemical Products","Pakistan","United States","30April1996","Settled or terminated (withdrawn, mutually agreed solution)"
37,"Patent Protection under the Industrial Property Act","Portugal","United States","30April1996","Settled or terminated (withdrawn, mutually agreed solution)"
38,"The Cuban Liberty and Democratic Solidarity Act","United States","European Communities","3May1996","Authority for panel lapsed"
39,"Tariff Increases on Products from the European Communities","United States","European Communities","18April1996","Settled or terminated (withdrawn, mutually agreed solution)"
40,"Laws, Regulations and Practices in the Telecommunications Procurement Sector","Korea, Republic of","European Communities","5May1996","Settled or terminated (withdrawn, mutually agreed solution)"
41,"Measures concerning Inspection of Agricultural Products","Korea, Republic of","United States","24May1996","In consultations"
42,"Measures concerning Sound Recordings","Japan","European Communities","28May1996","Settled or terminated (withdrawn, mutually agreed solution)"
43,"Taxation of Foreign Film Revenues","Turkey","United States","12June1996","Settled or terminated (withdrawn, mutually agreed solution)"
44,"Measures Affecting Consumer Photographic Film and Paper","Japan","United States","13June1996","Report(s) adopted, no further action required"
45,"Measures Affecting Distribution Services","Japan","United States","13June1996","In consultations"
46,"Export Financing Programme for Aircraft","Brazil","Canada","19June1996","Compliance proceedings completed without finding of non-compliance"
47,"Restrictions on Imports of Textile and Clothing Products","Turkey","Thailand","20June1996","In consultations"
48,"Measures Concerning Meat and Meat Products (Hormones)","European Communities","Canada","28July1996","Mutually acceptable solution on implementation notified"
49,"Anti-Dumping Investigation Regarding Imports of Fresh or Chilled Tomatoes from Mexico","United States","Mexico","1July1996","In consultations"
50,"Patent Protection for Pharmaceutical and Agricultural Chemical Products","India","United States","2July1996","Implementation notified by respondent"
51,"Certain Automotive Investment Measures","Brazil","Japan","30July1996","In consultations"
52,"Certain Measures Affecting Trade and Investment in the Automotive Sector","Brazil","United States","9August1996","In consultations"
53,"Customs Valuation of Imports","Mexico","European Communities","27August1996","In consultations"
54,"Certain Measures Affecting the Automobile Industry","Indonesia","European Communities","3October1996","Implementation notified by respondent"
55,"Certain Measures Affecting the Automobile Industry","Indonesia","Japan","4October1996","Implementation notified by respondent"
56,"Measures Affecting Imports of Footwear, Textiles, Apparel and other Items","Argentina","United States","4October1996","Implementation notified by respondent"
57,"Textile, Clothing and Footwear Import Credit Scheme","Australia","United States","7October1996","In consultations"
58,"Import Prohibition of Certain Shrimp and Shrimp Products","United States","India; Malaysia; Pakistan; Thailand","8October1996","Compliance proceedings completed without finding of non-compliance"
59,"Certain Measures Affecting the Automobile Industry","Indonesia","United States","8October1996","Implementation notified by respondent"
60,"Anti-Dumping Investigation Regarding Portland Cement from Mexico","Guatemala","Mexico","17October1996","Report(s) adopted, no further action required"
61,"Import Prohibition of Certain Shrimp and Shrimp Products","United States","Philippines","25October1996","In consultations"
62,"Customs Classification of Certain Computer Equipment","European Communities","United States","8November1996","Report(s) adopted, no further action required"
63,"Anti-Dumping Measures on Imports of Solid Urea from the Former German Democratic Republic","United States","European Communities","28November1996","In consultations"
64,"Certain Measures Affecting the Automobile Industry","Indonesia","Japan","29November1996","Implementation notified by respondent"
65,"Certain Measures Affecting Trade and Investment in the Automotive Sector","Brazil","United States","10January1997","In consultations"
66,"Measures Affecting Imports of Pork","Japan","European Communities","25January1997","In consultations"
67,"Customs Classification of Certain Computer Equipment","United Kingdom","United States","14February1997","Report(s) adopted, no further action required"
68,"Customs Classification of Certain Computer Equipment","Ireland","United States","14February1997","Report(s) adopted, no further action required"
69,"Measures Affecting Importation of Certain Poultry Products","European Communities","Brazil","24February1997","Report(s) adopted, with recommendation to bring measure(s) into conformity"
70,"Measures Affecting the Export of Civilian Aircraft","Canada","Brazil","10March1997","Compliance proceedings completed with finding(s) of non-compliance"
71,"Measures Affecting the Export of Civilian Aircraft","Canada","Brazil","10March1997","In consultations"
72,"Measures Affecting Butter Products","European Communities","New Zealand","24March1997","Settled or terminated (withdrawn, mutually agreed solution)"
73,"Procurement of a Navigation Satellite","Japan","European Communities","26March1997","Settled or terminated (withdrawn, mutually agreed solution)"
74,"Measures Affecting Pork and Poultry","Philippines","United States","1April1997","Settled or terminated (withdrawn, mutually agreed solution)"
75,"Taxes on Alcoholic Beverages","Korea, Republic of","European Communities","2April1997","Implementation notified by respondent"
76,"Measures Affecting Agricultural Products","Japan","United States","7April1997","Mutually acceptable solution on implementation notified"
77,"Measures Affecting Textiles, Clothing and Footwear","Argentina","European Communities","23April1997","Authority for panel lapsed"
78,"Safeguard Measure Against Imports of Broom Corn Brooms","United States","Colombia","28April1997","In consultations"
79,"Patent Protection for Pharmaceutical and Agricultural Chemical Products","India","European Communities","28April1997","Implementation notified by respondent"
80,"Measures Affecting Commercial Telephone Directory Services","Belgium","United States","2May1997","In consultations"
81,"Measures Affecting Trade and Investment in the Automotive Sector","Brazil","European Communities","7May1997","In consultations"
82,"Measures Affecting the Grant of Copyright and Neighbouring Rights","Ireland","United States","14May1997","Settled or terminated (withdrawn, mutually agreed solution)"
83,"Measures Affecting the Enforcement of Intellectual Property Rights","Denmark","United States","14May1997","Settled or terminated (withdrawn, mutually agreed solution)"
84,"Taxes on Alcoholic Beverages","Korea, Republic of","United States","23May1997","Implementation notified by respondent"
85,"Measures Affecting Textiles and Apparel Products","United States","European Communities","22May1997","Settled or terminated (withdrawn, mutually agreed solution)"
86,"Measures Affecting the Enforcement of Intellectual Property Rights","Sweden","United States","28May1997","Settled or terminated (withdrawn, mutually agreed solution)"
87,"Taxes on Alcoholic Beverages","Chile","European Communities","4June1997","Implementation notified by respondent"
88,"Measure Affecting Government Procurement","United States","European Communities","20June1997","Authority for panel lapsed"
89,"Anti-Dumping Duties on Imports of Colour Television Receivers from Korea","United States","Korea, Republic of","10July1997","Settled or terminated (withdrawn, mutually agreed solution)"
90,"Quantitative Restrictions on Imports of Agricultural, Textile and Industrial Products","India","United States","15July1997","Implementation notified by respondent"
91,"Quantitative Restrictions on Imports of Agricultural, Textile and Industrial Products","India","Australia","16July1997","Settled or terminated (withdrawn, mutually agreed solution)"
92,"Quantitative Restrictions on Imports of Agricultural, Textile and Industrial Products","India","Canada","16July1997","Settled or terminated (withdrawn, mutually agreed solution)"
93,"Quantitative Restrictions on Imports of Agricultural, Textile and Industrial Products","India","New Zealand","16July1997","Settled or terminated (withdrawn, mutually agreed solution)"
94,"Quantitative Restrictions on Imports of Agricultural, Textile and Industrial Products","India","Switzerland","17July1997","Settled or terminated (withdrawn, mutually agreed solution)"
95,"Measure Affecting Government Procurement","United States","Japan","18July1997","Authority for panel lapsed"
96,"Quantitative Restrictions on Imports of Agricultural, Textile and Industrial Products","India","European Communities","18July1997","Settled or terminated (withdrawn, mutually agreed solution)"
97,"Countervailing Duty Investigation of Imports of Salmon from Chile","United States","Chile","5August1997","In consultations"
98,"Definitive Safeguard Measure on Imports of Certain Dairy Products","Korea, Republic of","European Communities","12August1997","Implementation notified by respondent"
99,"Anti-Dumping Duty on Dynamic Random Access Memory Semiconductors (DRAMS) of One Megabit or Above from Korea","United States","Korea, Republic of","14August1997","Mutually acceptable solution on implementation notified"
100,"Measures Affecting Imports of Poultry Products","United States","European Communities","18August1997","In consultations"
101,"Anti-Dumping Investigation of High-Fructose Corn Syrup (HFCS) from the United States","Mexico","United States","4September1997","In consultations"
102,"Measures Affecting Pork and Poultry","Philippines","United States","7October1997","Settled or terminated (withdrawn, mutually agreed solution)"
103,"Measures Affecting the Importation of Milk and the Exportation of Dairy Products","Canada","United States","8October1997","Mutually acceptable solution on implementation notified"
104,"Measures Affecting the Exportation of Processed Cheese","European Communities","United States","8October1997","In consultations"
105,"Regime for the Importation, Sale and Distribution of Bananas","European Communities","Panama","24October1997","Settled or terminated (withdrawn, mutually agreed solution)"
106,"Subsidies Provided to Producers and Exporters of Automotive Leather","Australia","United States","10November1997","Settled or terminated (withdrawn, mutually agreed solution)"
107,"Export Measures Affecting Hides and Skins","Pakistan","European Communities","7November1997","In consultations"
108,"Tax Treatment for “Foreign Sales Corporations”","United States","European Communities","18November1997","Mutually acceptable solution on implementation notified"
109,"Taxes on Alcoholic Beverages","Chile","United States","11December1997","In consultations"
110,"Taxes on Alcoholic Beverages","Chile","European Communities","15December1997","Implementation notified by respondent"
111,"Tariff Rate Quota for Imports of Groundnuts","United States","Argentina","19December1997","In consultations"
112,"Countervailing Duty Investigation against Imports of Buses from Brazil","Peru","Brazil","23December1997","In consultations"
113,"Measures Affecting Dairy Exports","Canada","New Zealand","29December1997","Mutually acceptable solution on implementation notified"
114,"Patent Protection of Pharmaceutical Products","Canada","European Communities","19December1997","Implementation notified by respondent"
115,"Measures Affecting the Grant of Copyright and Neighbouring Rights","European Communities","United States","6January1998","Settled or terminated (withdrawn, mutually agreed solution)"
116,"Measures Affecting Payment Terms for Imports","Brazil","European Communities","8January1998","In consultations"
117,"Measures Affecting Film Distribution Services","Canada","European Communities","20January1998","In consultations"
118,"Harbour Maintenance Tax","United States","European Communities","6February1998","In consultations"
119,"Anti-Dumping Measures on Imports of Coated Woodfree Paper Sheets","Australia","Switzerland","20February1998","Settled or terminated (withdrawn, mutually agreed solution)"
120,"Measures Affecting Export of Certain Commodities","India","European Communities","11March1998","In consultations"
121,"Safeguard Measures on Imports of Footwear","Argentina","European Communities","6April1998","Implementation notified by respondent"
122,"Anti-Dumping Duties on Angles, Shapes and Sections of Iron or Non-Alloy Steel and H Beams from Poland","Thailand","Poland","6April1998","Implementation notified by respondent"
123,"Safeguard Measures on Imports of Footwear","Argentina","Indonesia","22April1998","In consultations"
124,"Enforcement of Intellectual Property Rights for Motion Pictures and Television Programs","European Communities","United States","30April1998","Settled or terminated (withdrawn, mutually agreed solution)"
125,"Enforcement of Intellectual Property Rights for Motion Pictures and Television Programs","Greece","United States","4May1998","Settled or terminated (withdrawn, mutually agreed solution)"
126,"Subsidies Provided to Producers and Exporters of Automotive Leather","Australia","United States","4May1998","Mutually acceptable solution on implementation notified"
127,"Certain Income Tax Measures Constituting Subsidies","Belgium","United States","5May1998","In consultations"
128,"Certain Income Tax Measures Constituting Subsidies","Netherlands","United States","5May1998","In consultations"
129,"Certain Income Tax Measures Constituting Subsidies","Greece","United States","5May1998","In consultations"
130,"Certain Income Tax Measures Constituting Subsidies","Ireland","United States","5May1998","In consultations"
131,"Certain Income Tax Measures Constituting Subsidies","France","United States","5May1998","In consultations"
132,"Anti-Dumping Investigation of High-Fructose Corn Syrup (HFCS) from the United States","Mexico","United States","8May1998","Compliance proceedings completed with finding(s) of non-compliance"
133,"Measures Concerning the Importation of Dairy Products and the Transit of Cattle","Slovak Republic","Switzerland","7May1998","In consultations"
134,"Restrictions on Certain Import Duties on Rice","European Communities","India","27May1998","In consultations"
135,"Measures Affecting Asbestos and Products Containing Asbestos","European Communities","Canada","28May1998","Report(s) adopted, no further action required"
136,"Anti-Dumping Act of 1916","United States","European Communities","4June1998","Implementation notified by respondent"
137,"Measures Affecting Imports of Wood of Conifers from Canada","European Communities","Canada","17June1998","In consultations"
138,"Imposition of Countervailing Duties on Certain Hot-Rolled Lead and Bismuth Carbon Steel Products Originating in the United Kingdom","United States","European Communities","12June1998","Implementation notified by respondent"
139,"Certain Measures Affecting the Automotive Industry","Canada","Japan","3July1998","Implementation notified by respondent"
140,"Anti-Dumping Investigations Regarding Unbleached Cotton Fabrics from India","European Communities","India","3August1998","In consultations"
141,"Anti-Dumping Duties on Imports of Cotton-type Bed Linen from India","European Communities","India","3August1998","Compliance proceedings completed with finding(s) of non-compliance"
142,"Certain Measures Affecting the Automotive Industry","Canada","European Communities","17August1998","Implementation notified by respondent"
143,"Measure Affecting Import Duty on Wheat from Hungary","Slovak Republic","Hungary","19September1998","In consultations"
144,"Certain Measures Affecting the Import of Cattle, Swine and Grain from Canada","United States","Canada","25September1998","In consultations"
145,"Countervailing Duties on Imports of Wheat Gluten from the European Communities","Argentina","European Communities","23September1998","In consultations"
146,"Measures Affecting the Automotive Sector","India","European Communities","6October1998","Implementation notified by respondent"
147,"Tariff Quotas and Subsidies Affecting Leather","Japan","European Communities","8October1998","In consultations"
148,"Measure Affecting Import Duty on Wheat from Hungary","Czech Republic","Hungary","12October1998","In consultations"
149,"Import Restrictions","India","European Communities","28October1998","In consultations"
150,"Measures Affecting Customs Duties","India","European Communities","31October1998","In consultations"
151,"Measures Affecting Textiles and Apparel Products (II)","United States","European Communities","19November1998","Settled or terminated (withdrawn, mutually agreed solution)"
152,"Sections 301–310 of the Trade Act 1974","United States","European Communities","25November1998","Report(s) adopted, no further action required"
153,"Patent Protection for Pharmaceutical and Agricultural Chemical Products","European Communities","Canada","2December1998","In consultations"
154,"Measures Affecting Differential and Favourable Treatment of Coffee","European Communities","Brazil","7December1998","In consultations"
155,"Measures Affecting the Export of Bovine Hides and the Import of Finished Leather","Argentina","European Communities","23December1998","Report(s) adopted, with recommendation to bring measure(s) into conformity"
156,"Definitive Anti-Dumping Measure on Grey Portland Cement from Mexico","Guatemala","Mexico","5January1999","Implementation notified by respondent"
157,"Definitive Anti-Dumping Measures on Imports of Drill Bits from Italy","Argentina","European Communities","14January1999","In consultations"
158,"Regime for the Importation, Sale and Distribution of Bananas","European Communities","Guatemala; Honduras; Mexico; Panama; United States","20January1999","Settled or terminated (withdrawn, mutually agreed solution)"
159,"Safeguard Measure on Imports of Steel Products from the Czech Republic","Hungary","Czech Republic","21January1999","In consultations"
160,"Section 110(5) of US Copyright Act","United States","European Communities","26January1999","Authorization to retaliate requested (including 22.6 arbitration)"
161,"Measures Affecting Imports of Fresh, Chilled and Frozen Beef","Korea, Republic of","United States","1February1999","Implementation notified by respondent"
162,"Anti-Dumping Act of 1916","United States","Japan","10February1999","Implementation notified by respondent"
163,"Measures Affecting Government Procurement","Korea, Republic of","United States","16February1999","Report(s) adopted, no further action required"
164,"Measures Affecting Imports of Footwear","Argentina","United States","1March1999","Panel established, but not yet composed"
165,"Import Measures on Certain Products from the European Communities","United States","European Communities","4March1999","Report(s) adopted, no further action required"
166,"Definitive Safeguard Measures on Imports of Wheat Gluten from the European Communities","United States","European Communities","17March1999","Report(s) adopted, with recommendation to bring measure(s) into conformity"
167,"Countervailing Duty Investigation with respect to Live Cattle from Canada","United States","Canada","19March1999","In consultations"
168,"Anti-Dumping Duties on Certain Pharmaceutical Products from India","South Africa","India","1April1999","In consultations"
169,"Measures Affecting Imports of Fresh, Chilled and Frozen Beef","Korea, Republic of","Australia","13April1999","Implementation notified by respondent"
170,"Term of Patent Protection","Canada","United States","6May1999","Implementation notified by respondent"
171,"Patent Protection for Pharmaceuticals and Test Data Protection for Agricultural Chemicals","Argentina","United States","6May1999","Settled or terminated (withdrawn, mutually agreed solution)"
172,"Measures Relating to the Development of a Flight Management System","European Communities","United States","21May1999","In consultations"
173,"Measures Relating to the Development of a Flight Management System","France","United States","21May1999","In consultations"
174,"Protection of Trademarks and Geographical Indications for Agricultural Products and Foodstuffs","European Communities","United States","1June1999","Implementation notified by respondent"
175,"Measures Affecting Trade and Investment in the Motor Vehicle Sector","India","United States","2June1999","Implementation notified by respondent"
176,"Section 211 Omnibus Appropriations Act of 1998","United States","European Communities","8July1999","Report(s) adopted, with recommendation to bring measure(s) into conformity"
177,"Safeguard Measure on Imports of Fresh, Chilled or Frozen Lamb from New Zealand","United States","New Zealand","16July1999","Implementation notified by respondent"
178,"Safeguard Measure on Imports of Fresh, Chilled or Frozen Lamb from Australia","United States","Australia","23July1999","Implementation notified by respondent"
179,"Anti-Dumping measures on Stainless Steel Plate in Coils and Stainless Steel Sheet and Strip from Korea","United States","Korea, Republic of","30July1999","Implementation notified by respondent"
180,"Reclassification of Certain Sugar Syrups","United States","Canada","6September1999","In consultations"
181,"Safeguard Measure of Imports of Plain Polyester Filaments from Thailand","Colombia","Thailand","7September1999","Settled or terminated (withdrawn, mutually agreed solution)"
182,"Provisional Anti-Dumping Measure on Cement from Mexico","Ecuador","Mexico","5October1999","In consultations"
183,"Measures on Import Licensing and Minimum Import Prices","Brazil","European Communities","14October1999","In consultations"
184,"Anti-Dumping Measures on Certain Hot-Rolled Steel Products from Japan","United States","Japan","18November1999","Report(s) adopted, with recommendation to bring measure(s) into conformity"
185,"Anti-Dumping Measures on Pasta from Costa Rica","Trinidad and Tobago","Costa Rica","18November1999","In consultations"
186,"Section 337 of the Tariff Act of 1930 and Amendments thereto","United States","European Communities","12January2000","In consultations"
187,"Provisional Anti-Dumping Measure on Macaroni and Spaghetti from Costa Rica","Trinidad and Tobago","Costa Rica","17January2000","In consultations"
188,"Measures Affecting Imports from Honduras and Colombia","Nicaragua","Colombia","17January2000","Panel established, but not yet composed"
189,"Definitive Anti-Dumping Measures on Carton-Board Imports from Germany and Definitive Anti-Dumping Measures on Imports of Ceramic Tiles from Italy","Argentina","European Communities","26January2000","Implementation notified by respondent"
190,"Transitional Safeguard Measures on Certain Imports of Woven Fabric Products of Cotton and Cotton Mixtures Originating in Brazil","Argentina","Brazil","11February2000","Settled or terminated (withdrawn, mutually agreed solution)"
191,"Definitive Anti-Dumping Measure on Cement from Mexico","Ecuador","Mexico","15March2000","In consultations"
192,"Transitional Safeguard Measure on Combed Cotton Yarn from Pakistan","United States","Pakistan","3April2000","Implementation notified by respondent"
193,"Measures affecting the Transit and Importing of Swordfish","Chile","European Communities","19April2000","Settled or terminated (withdrawn, mutually agreed solution)"
194,"Measures Treating Export Restraints as Subsidies","United States","Canada","19May2000","Report(s) adopted, no further action required"
195,"Measures Affecting Trade and Investment in the Motor Vehicle Sector","Philippines","United States","23May2000","Panel established, but not yet composed"
196,"Certain Measures on the Protection of Patents and Test Data","Argentina","United States","30May2000","Settled or terminated (withdrawn, mutually agreed solution)"
197,"Measures on Minimum Import Prices","Brazil","United States","30May2000","In consultations"
198,"Measures on Minimum Import Prices","Romania","United States","30May2000","Settled or terminated (withdrawn, mutually agreed solution)"
199,"Measures Affecting Patent Protection","Brazil","United States","30May2000","Settled or terminated (withdrawn, mutually agreed solution)"
200,"Section 306 of the Trade Act 1974 and Amendments thereto","United States","European Communities","5June2000","In consultations"
201,"Measures Affecting Imports from Honduras and Colombia","Nicaragua","Honduras","6June2000","In consultations"
202,"Definitive Safeguard Measures on Imports of Circular Welded Carbon Quality Line Pipe from Korea","United States","Korea, Republic of","13June2000","Implementation notified by respondent"
203,"Measures Affecting Trade in Live Swine","Mexico","United States","10July2000","In consultations"
204,"Measures Affecting Telecommunications Services","Mexico","United States","17August2000","Implementation notified by respondent"
205,"Import Prohibition on Canned Tuna with Soybean Oil","Egypt","Thailand","22September2000","In consultations"
206,"Anti-Dumping and Countervailing Measures on Steel Plate from India","United States","India","4October2000","Implementation notified by respondent"
207,"Price Band System and Safeguard Measures Relating to Certain Agricultural Products","Chile","Argentina","5October2000","Compliance proceedings completed with finding(s) of non-compliance"
208,"Anti-Dumping Duty on Steel and Iron Pipe Fittings","Turkey","Brazil","9October2000","In consultations"
209,"Measures Affecting Soluble Coffee","European Communities","Brazil","12October2000","In consultations"
210,"Administration of Measures Establishing Customs Duties for Rice","Belgium","United States","12October2000","Settled or terminated (withdrawn, mutually agreed solution)"
211,"Definitive Anti-Dumping Measures on Steel Rebar from Turkey","Egypt","Turkey","6November2000","Implementation notified by respondent"
212,"Countervailing Measures Concerning Certain Products from the European Communities","United States","European Communities","10November2000","Implementation notified by respondent"
213,"Countervailing Duties on Certain Corrosion-Resistant Carbon Steel Flat Products from Germany","United States","European Communities","10November2000","Implementation notified by respondent"
214,"Definitive Safeguard Measures on Imports of Steel Wire Rod and Circular Welded Quality Line Pipe","United States","European Communities","1December2000","Panel established, but not yet composed"
215,"Anti-Dumping Measures Regarding Polypropylene Resins from Korea","Philippines","Korea, Republic of","15December2000","In consultations"
216,"Provisional Anti-Dumping Measure on Electric Transformers","Mexico","Brazil","20December2000","In consultations"
217,"Continued Dumping and Subsidy Offset Act of 2000","United States","Australia; Brazil; Chile; European Communities; India; Indonesia; Japan; Korea, Republic of; Thailand","21December2000","Authorization to retaliate granted"
218,"Countervailing Duties on Certain Carbon Steel Products from Brazil","United States","Brazil","21December2000","In consultations"
219,"Anti-Dumping Duties on Malleable Cast Iron Tube or Pipe Fittings from Brazil","European Communities","Brazil","21December2000","Implementation notified by respondent"
220,"Price Band System and Safeguard Measures Relating to Certain Agricultural Products","Chile","Guatemala","5January2001","In consultations"
221,"Section 129(c)(1) of the Uruguay Round Agreements Act","United States","Canada","17January2001","Report(s) adopted, no further action required"
222,"Export Credits and Loan Guarantees for Regional Aircraft","Canada","Brazil","22January2001","Authorization to retaliate granted"
223,"Tariff-Rate Quota on Corn Gluten Feed from the United States","European Communities","United States","25January2001","In consultations"
224,"US Patents Code","United States","Brazil","31January2001","In consultations"
225,"Anti-Dumping Duties on Seamless Pipe from Italy","United States","European Communities","5February2001","In consultations"
226,"Provisional Safeguard Measure on Mixtures of Edible Oils","Chile","Argentina","19February2001","In consultations"
227,"Taxes on Cigarettes","Peru","Chile","1March2001","Settled or terminated (withdrawn, mutually agreed solution)"
228,"Safeguard Measures on Sugar","Chile","Colombia","15March2001","Settled or terminated (withdrawn, mutually agreed solution)"
229,"Anti-Dumping Duties on Jute Bags from India","Brazil","India","9April2001","In consultations"
230,"Safeguard Measures and Modification of Schedules Regarding Sugar","Chile","Colombia","17April2001","In consultations"
231,"Trade Description of Sardines","European Communities","Peru","20March2001","Mutually acceptable solution on implementation notified"
232,"Measures Affecting the Import of Matches","Mexico","Chile","17May2001","Settled or terminated (withdrawn, mutually agreed solution)"
233,"Measures Affecting the Import of Pharmaceutical Products","Argentina","India","25May2001","In consultations"
234,"Continued Dumping and Subsidy Offset Act of 2000","United States","Canada; Mexico","21May2001","Authorization to retaliate granted, Authorization to retaliate granted"
235,"Safeguard Measure on Imports of Sugar","Slovak Republic","Poland","11July2001","Settled or terminated (withdrawn, mutually agreed solution)"
236,"Preliminary Determinations with Respect to Certain Softwood Lumber from Canada","United States","Canada","21August2001","Mutually acceptable solution on implementation notified"
237,"Certain Import Procedures for Fresh Fruit","Turkey","Ecuador","31August2001","Settled or terminated (withdrawn, mutually agreed solution)"
238,"Definitive Safeguard Measure on Imports of Preserved Peaches","Argentina","Chile","14September2001","Implementation notified by respondent"
239,"Anti-Dumping Duties on Silicon Metal from Brazil","United States","Brazil","18September2001","In consultations"
240,"Import Prohibition on Wheat and Wheat Flour","Romania","Hungary","18October2001","Settled or terminated (withdrawn, mutually agreed solution)"
241,"Definitive Anti-Dumping Duties on Poultry from Brazil","Argentina","Brazil","7November2001","Report(s) adopted, with recommendation to bring measure(s) into conformity"
242,"Generalized System of Preferences","European Communities","Thailand","7December2001","In consultations"
243,"Rules of Origin for Textiles and Apparel Products","United States","India","11January2002","Report(s) adopted, no further action required"
244,"Sunset Review of Anti-Dumping Duties on Corrosion-Resistant Carbon Steel Flat Products from Japan","United States","Japan","30January2002","Report(s) adopted, no further action required"
245,"Measures Affecting the Importation of Apples","Japan","United States","1March2002","Mutually acceptable solution on implementation notified"
246,"Conditions for the Granting of Tariff Preferences to Developing Countries","European Communities","India","5March2002","Implementation notified by respondent"
247,"Provisional Anti-Dumping Measure on Imports of Certain Softwood Lumber from Canada","United States","Canada","6March2002","Settled or terminated (withdrawn, mutually agreed solution)"
248,"Definitive Safeguard Measures on Imports of Certain Steel Products","United States","European Communities","7March2002","Report(s) adopted, no further action required"
249,"Definitive Safeguard Measures on Imports of Certain Steel Products","United States","Japan","20March2002","Report(s) adopted, no further action required"
250,"Equalizing Excise Tax Imposed by Florida on Processed Orange and Grapefruit Products","United States","Brazil","20March2002","Settled or terminated (withdrawn, mutually agreed solution)"
251,"Definitive Safeguard Measures on Imports of Certain Steel Products","United States","Korea, Republic of","20March2002","Report(s) adopted, no further action required"
252,"Definitive Safeguard Measures on Imports of Certain Steel Products","United States","China","26March2002","Report(s) adopted, no further action required"
253,"Definitive Safeguard Measures on Imports of Certain Steel Products","United States","Switzerland","3April2002","Report(s) adopted, no further action required"
254,"Definitive Safeguard Measures on Imports of Certain Steel Products","United States","Norway","4April2002","Report(s) adopted, no further action required"
255,"Tax Treatment on Certain Imported Products","Peru","Chile","22April2002","Settled or terminated (withdrawn, mutually agreed solution)"
256,"Import Ban on Pet Food from Hungary","Turkey","Hungary","3May2002","In consultations"
257,"Final Countervailing Duty Determination with respect to certain Softwood Lumber from Canada","United States","Canada","3May2002","Mutually acceptable solution on implementation notified"
258,"Definitive Safeguard Measures on Imports of Certain Steel Products","United States","New Zealand","14May2002","Report(s) adopted, no further action required"
259,"Definitive Safeguard Measures on Imports of Certain Steel Products","United States","Brazil","21May2002","Report(s) adopted, no further action required"
260,"Provisional Safeguard Measures on Imports of Certain Steel Products","European Communities","United States","30May2002","Panel established, but not yet composed"
261,"Tax Treatment on Certain Products","Uruguay","Chile","18June2002","Settled or terminated (withdrawn, mutually agreed solution)"
262,"Sunset Reviews of Anti-Dumping and Countervailing Duties on Certain Steel Products from France and Germany","United States","European Communities","25July2002","In consultations"
263,"Measures Affecting Imports of Wine","European Communities","Argentina","4September2002","In consultations"
264,"Final Dumping Determination on Softwood Lumber from Canada","United States","Canada","13September2002","Mutually acceptable solution on implementation notified"
265,"Export Subsidies on Sugar","European Communities","Australia","27September2002","Report(s) adopted, with recommendation to bring measure(s) into conformity"
266,"Export Subsidies on Sugar","European Communities","Brazil","27September2002","Report(s) adopted, with recommendation to bring measure(s) into conformity"
267,"Subsidies on Upland Cotton","United States","Brazil","27September2002","Mutually acceptable solution on implementation notified"
268,"Sunset Reviews of Anti-Dumping Measures on Oil Country Tubular Goods from Argentina","United States","Argentina","7October2002","Authorization to retaliate requested (including 22.6 arbitration)"
269,"Customs Classification of Frozen Boneless Chicken Cuts","European Communities","Brazil","11October2002","Implementation notified by respondent"
270,"Certain Measures Affecting the Importation of Fresh Fruit and Vegetables","Australia","Philippines","18October2002","Panel established, but not yet composed"
271,"Certain Measures Affecting the Importation of Fresh Pineapple","Australia","Philippines","18October2002","In consultations"
272,"Provisional Anti-Dumping Duties on Vegetable Oils from Argentina","Peru","Argentina","21October2002","In consultations"
273,"Measures Affecting Trade in Commercial Vessels","Korea, Republic of","European Communities","21October2002","Implementation notified by respondent"
274,"Definitive Safeguard Measures on Imports of Certain Steel Products","United States","Chinese Taipei","1November2002","In consultations"
275,"Import Licensing Measures on Certain Agricultural Products","Venezuela, Bolivarian Republic of","United States","7November2002","In consultations"
276,"Measures Relating to Exports of Wheat and Treatment of Imported Grain","Canada","United States","17December2002","Implementation notified by respondent"
277,"Investigation of the International Trade Commission in Softwood Lumber from Canada","United States","Canada","20December2002","Mutually acceptable solution on implementation notified"
278,"Definitive Safeguard Measure on Imports of Fructose","Chile","Argentina","20December2002","In consultations"
279,"Import Restrictions Maintained Under the Export and Import Policy 2002-2007","India","European Communities","23December2002","In consultations"
280,"Countervailing Duties on Steel Plate from Mexico","United States","Mexico","21January2003","Panel established, but not yet composed"
281,"Anti-Dumping Measures on Cement from Mexico","United States","Mexico","31January2003","Settled or terminated (withdrawn, mutually agreed solution)"
282,"Anti-Dumping Measures on Oil Country Tubular Goods (OCTG) from Mexico","United States","Mexico","18February2003","Authority for panel lapsed"
283,"Export Subsidies on Sugar","European Communities","Thailand","14March2003","Report(s) adopted, with recommendation to bring measure(s) into conformity"
284,"Certain Measures Preventing the Importation of Black Beans from Nicaragua","Mexico","Nicaragua","17March2003","Settled or terminated (withdrawn, mutually agreed solution)"
285,"Measures Affecting the Cross-Border Supply of Gambling and Betting Services","United States","Antigua and Barbuda","13March2003","Authorization to retaliate granted"
286,"Customs Classification of Frozen Boneless Chicken Cuts","European Communities","Thailand","25March2003","Implementation notified by respondent"
287,"Quarantine Regime for Imports","Australia","European Communities","3April2003","Settled or terminated (withdrawn, mutually agreed solution)"
288,"Definitive Anti-Dumping Measures on Blanketing from Turkey","South Africa","Turkey","9April2003","In consultations"
289,"Additional Duty on Imports of Pig-Meat from Poland","Czech Republic","Poland","16April2003","In consultations"
290,"Protection of Trademarks and Geographical Indications for Agricultural Products and Foodstuffs","European Communities","Australia","17April2003","Implementation notified by respondent"
291,"Measures Affecting the Approval and Marketing of Biotech Products","European Communities","United States","13May2003","Authorization to retaliate requested (including 22.6 arbitration)"
292,"Measures Affecting the Approval and Marketing of Biotech Products","European Communities","Canada","13May2003","Settled or terminated (withdrawn, mutually agreed solution)"
293,"Measures Affecting the Approval and Marketing of Biotech Products","European Communities","Argentina","14May2003","Settled or terminated (withdrawn, mutually agreed solution)"
294,"Laws, Regulations and Methodology for Calculating Dumping Margins (Zeroing)","United States","European Communities","12June2003","Report(s) adopted, with recommendation to bring measure(s) into conformity"
295,"Definitive Anti-Dumping Measures on Beef and Rice","Mexico","United States","16June2003","Report(s) adopted, with recommendation to bring measure(s) into conformity"
296,"Countervailing Duty Investigation on Dynamic Random Access Memory Semiconductors (DRAMS) from Korea","United States","Korea, Republic of","30June2003","Implementation notified by respondent"
297,"Measures Affecting Imports of Live Animals and Meat Products","Croatia","Hungary","9July2003","Settled or terminated (withdrawn, mutually agreed solution)"
298,"Certain Pricing Measures for Customs Valuation and Other Purposes","Mexico","Guatemala","22July2003","Settled or terminated (withdrawn, mutually agreed solution)"
299,"Countervailing Measures on Dynamic Random Access Memory Chips from Korea","European Communities","Korea, Republic of","25July2003","Implementation notified by respondent"
300,"Measures Affecting the Importation of Cigarettes","Dominican Republic","Honduras","28August2003","In consultations"
301,"Measures Affecting Trade in Commercial Vessels","European Communities","Korea, Republic of","3September2003","Mutually acceptable solution on implementation notified"
302,"Measures Affecting the Importation and Internal Sale of Cigarettes","Dominican Republic","Honduras","8October2003","Report(s) adopted, with recommendation to bring measure(s) into conformity"
303,"Definitive Safeguard Measure on Imports of Medium Density Fibreboard","Ecuador","Chile","24November2003","In consultations"
304,"Anti-Dumping Measures on Imports of Certain Products from the European Communities","India","European Communities","8December2003","In consultations"
305,"Measures Affecting Imports of Textile and Apparel Products","Egypt","United States","23December2003","Settled or terminated (withdrawn, mutually agreed solution)"
306,"Anti-Dumping Measure on Batteries from Bangladesh","India","Bangladesh","28January2004","Settled or terminated (withdrawn, mutually agreed solution)"
307,"Aid for Commercial Vessels","European Communities","Korea, Republic of","13February2004","In consultations"
308,"Tax Measures on Soft Drinks and Other Beverages","Mexico","United States","16March2004","Implementation notified by respondent"
309,"Value-Added Tax on Integrated Circuits","China","United States","18March2004","Settled or terminated (withdrawn, mutually agreed solution)"
310,"Determination of the International Trade Commission in Hard Red Spring Wheat from Canada","United States","Canada","8April2004","In consultations"
311,"Reviews of Countervailing Duty on Softwood Lumber from Canada","United States","Canada","14April2004","Settled or terminated (withdrawn, mutually agreed solution)"
312,"Anti-Dumping Duties on Imports of Certain Paper from Indonesia","Korea, Republic of","Indonesia","4June2004","Compliance proceedings completed with finding(s) of non-compliance"
313,"Anti-Dumping Duties on Certain Flat Rolled Iron or Non-Alloy Steel Products from India","European Communities","India","5July2004","Settled or terminated (withdrawn, mutually agreed solution)"
314,"Provisional Countervailing Measures on Olive Oil from the European Communities","Mexico","European Communities","18August2004","In consultations"
315,"Selected Customs Matters","European Communities","United States","21September2004","Implementation notified by respondent"
316,"Measures Affecting Trade in Large Civil Aircraft","European Communities and Certain Member States","United States","6October2004","Compliance proceedings ongoing"
317,"Measures Affecting Trade in Large Civil Aircraft","United States","European Communities","6October2004","Panel composed"
318,"Anti-Dumping Measures on Certain Products from the Separate Customs Territory of Taiwan, Penghu, Kinmen and Matsu","India","Chinese Taipei","28October2004","In consultations"
319,"Section 776 of the Tariff Act of 1930","United States","European Communities","5November2004","In consultations"
320,"Continued Suspension of Obligations in the EC","United States","European Communities","8November2004","Report(s) adopted, no further action required"
321,"Continued Suspension of Obligations in the EC","Canada","European Communities","8November2004","Report(s) adopted, no further action required"
322,"Measures Relating to Zeroing and Sunset Reviews","United States","Japan","24November2004","Report(s) adopted, with recommendation to bring measure(s) into conformity"
323,"Import Quotas on Dried Laver and Seasoned Laver","Japan","Korea, Republic of","1December2004","Settled or terminated (withdrawn, mutually agreed solution)"
324,"Provisional Anti-Dumping Measures on Shrimp from Thailand","United States","Thailand","9December2004","In consultations"
325,"Anti-Dumping Determinations regarding Stainless Steel from Mexico","United States","Mexico","5January2005","In consultations"
326,"Definitive Safeguard Measure on Salmon","European Communities","Chile","8February2005","Settled or terminated (withdrawn, mutually agreed solution)"
327,"Anti-Dumping Duties on Matches from Pakistan","Egypt","Pakistan","21February2005","Settled or terminated (withdrawn, mutually agreed solution)"
328,"Definitive Safeguard Measure on Salmon","European Communities","Norway","1March2005","In consultations"
329,"Tariff Classification of Certain Milk Products","Panama","Mexico","16March2005","Settled or terminated (withdrawn, mutually agreed solution)"
330,"Countervailing Duties on Olive Oil, Wheat Gluten and Peaches","Argentina","European Communities","29April2005","In consultations"
331,"Anti-Dumping Duties on Steel Pipes and Tubes from Guatemala","Mexico","Guatemala","17June2005","Implementation notified by respondent"
332,"Measures Affecting Imports of Retreaded Tyres","Brazil","European Communities","20June2005","Implementation notified by respondent"
333,"Foreign Exchange Fee Affecting Imports from Costa Rica","Dominican Republic","Costa Rica","12September2005","In consultations"
334,"Measures Affecting the Importation of Rice","Turkey","United States","2November2005","Implementation notified by respondent"
335,"Anti-Dumping Measure on Shrimp from Ecuador","United States","Ecuador","17November2005","Implementation notified by respondent"
336,"Countervailing Duties on Dynamic Random Access Memories from Korea","Japan","Korea, Republic of","14March2006","Authority for panel lapsed"
337,"Anti-Dumping Measure on Farmed Salmon from Norway","European Communities","Norway","17March2006","Report(s) adopted, with recommendation to bring measure(s) into conformity"
338,"Provisional Anti-Dumping and Countervailing Duties on Grain Corn from the United States","Canada","United States","17March2006","In consultations"
339,"Measures Affecting Imports of Automobile Parts","China","European Communities","30March2006","Implementation notified by respondent"
340,"Measures Affecting Imports of Automobile Parts","China","United States","30March2006","Implementation notified by respondent"
341,"Definitive Countervailing Measures on Olive Oil from the European Communities","Mexico","European Communities","31March2006","Implementation notified by respondent"
342,"Measures Affecting Imports of Automobile Parts","China","Canada","13April2006","Implementation notified by respondent"
343,"Measures Relating to Shrimp from Thailand","United States","Thailand","24April2006","Implementation notified by respondent"
344,"Final Anti-Dumping Measures on Stainless Steel from Mexico","United States","Mexico","26May2006","Settled or terminated (withdrawn, mutually agreed solution)"
345,"Customs Bond Directive for Merchandise Subject to Anti-Dumping/Countervailing Duties","United States","India","6June2006","Implementation notified by respondent"
346,"Anti-Dumping Administrative Review on Oil Country Tubular Goods from Argentina","United States","Argentina","20June2006","In consultations"
347,"Measures Affecting Trade in Large Civil Aircraft (Second Complaint)","European Communities and Certain Member States","United States","31January2006","Authority for panel lapsed"
348,"Customs Measures on Importation of Certain Goods from Panama","Colombia","Panama","20July2006","Settled or terminated (withdrawn, mutually agreed solution)"
349,"Measures Affecting the Tariff Quota for Fresh or Chilled Garlic","European Communities","Argentina","6September2006","In consultations"
350,"Continued Existence and Application of Zeroing Methodology","United States","European Communities","2October2006","Report(s) adopted, with recommendation to bring measure(s) into conformity"
351,"Provisional Safeguard Measure on Certain Milk Products","Chile","Argentina","25October2006","Authority for panel lapsed"
352,"Measures Affecting the Importation and Sale of Wines and Spirits from the European Communities","India","European Communities","20November2006","Authority for panel lapsed"
353,"Measures Affecting Trade in Large Civil Aircraft","United States","European Communities","27June2005","Compliance proceedings ongoing"
354,"Tax Exemptions and Reductions for Wine and Beer","Canada","European Communities","29November2006","Settled or terminated (withdrawn, mutually agreed solution)"
355,"Anti-dumping Measures on Imports of Certain Resins from Argentina","Brazil","Argentina","26December2006","Authority for panel lapsed"
356,"Definitive Safeguard Measures on Certain Milk Products","Chile","Argentina","28December2006","Authority for panel lapsed"
357,"Subsidies and Other Domestic Support for Corn and Other Agricultural Products","United States","Canada","8January2007","Panel established, but not yet composed"
358,"Certain Measures Granting Refunds, Reductions or Exemptions from Taxes and Other Payments","China","United States","2February2007","Settled or terminated (withdrawn, mutually agreed solution)"
359,"Certain Measures Granting Refunds, Reductions or Exemptions from Taxes and Other Payments","China","Mexico","26February2007","Settled or terminated (withdrawn, mutually agreed solution)"
360,"Additional and Extra-Additional Duties on Imports from the United States","India","United States","6March2007","Report(s) adopted, no further action required"
361,"Regime for the Importation of Bananas","European Communities","Colombia","21March2007","Settled or terminated (withdrawn, mutually agreed solution)"
362,"Measures Affecting the Protection and Enforcement of Intellectual Property Rights","China","United States","10April2007","Implementation notified by respondent"
363,"Measures Affecting Trading Rights and Distribution Services for Certain Publications and Audiovisual Entertainment Products","China","United States","10April2007","Implementation notified by respondent"
364,"Regime for the Importation of Bananas","European Communities","Panama","22June2007","Settled or terminated (withdrawn, mutually agreed solution)"
365,"Domestic Support and Export Credit Guarantees for Agricultural Products","United States","Brazil","11July2007","Panel established, but not yet composed"
366,"Indicative Prices and Restrictions on Ports of Entry","Colombia","Panama","12July2007","Implementation notified by respondent"
367,"Measures Affecting the Importation of Apples from New Zealand","Australia","New Zealand","31August2007","Implementation notified by respondent"
368,"Preliminary Anti-Dumping and Countervailing Duty Determinations on Coated Free Sheet Paper from China","United States","China","14September2007","In consultations"
369,"Certain Measures Prohibiting the Importation and Marketing of Seal Products","European Communities","Canada","25September2007","Settled or terminated (withdrawn, mutually agreed solution)"
370,"Customs Valuation of Certain Products from the European Communities","Thailand","European Communities","25January2008","In consultations"
371,"Customs and Fiscal Measures on Cigarettes from the Philippines","Thailand","Philippines","7February2008","Compliance proceedings ongoing"
372,"Measures Affecting Financial Information Services and Foreign Financial Information Suppliers","China","European Communities","3March2008","Settled or terminated (withdrawn, mutually agreed solution)"
373,"Measures Affecting Financial Information Services and Foreign Financial Information Suppliers","China","United States","3March2008","Settled or terminated (withdrawn, mutually agreed solution)"
374,"Anti-Dumping Measures on Uncoated Woodfree Paper","South Africa","Indonesia","9May2008","Settled or terminated (withdrawn, mutually agreed solution)"
375,"Tariff Treatment of Certain Information Technology Products","European Communities","United States","28May2008","Implementation notified by respondent"
376,"Tariff Treatment of Certain Information Technology Products","European Communities","Japan","28May2008","Implementation notified by respondent"
377,"Tariff Treatment of Certain Information Technology Products","European Communities","Chinese Taipei","12June2008","Implementation notified by respondent"
378,"Measures Affecting Financial Information Services and Foreign Financial Information Suppliers","China","Canada","20June2008","Settled or terminated (withdrawn, mutually agreed solution)"
379,"Definitive Anti-Dumping and Countervailing Duties on Certain Products from China","United States","China","19September2008","Implementation notified by respondent"
380,"Certain Taxes and Other Measures on Imported Wines and Spirits","India","European Communities","22September2008","In consultations"
381,"Measures Concerning the Importation, Marketing and Sale of Tuna and Tuna Products","United States","Mexico","24October2008","Authorization to retaliate requested (including 22.6 arbitration), Compliance proceedings ongoing"
382,"Anti-Dumping Administrative Reviews and Other Measures Related to Imports of Certain Orange Juice from Brazil","United States","Brazil","27November2008","Settled or terminated (withdrawn, mutually agreed solution)"
383,"Anti-Dumping Measures on Polyethylene Retail Carrier Bags from Thailand","United States","Thailand","26November2008","Implementation notified by respondent"
384,"Certain Country of Origin Labelling (Cool) Requirements","United States","Canada","1December2008","Authorization to retaliate granted"
385,"Expiry Reviews of Anti-dumping and Countervailing Duties Imposed on Imports of PET from India","European Communities","India","4December2008","In consultations"
386,"Certain Country of Origin Labelling Requirements","United States","Mexico","17December2008","Authorization to retaliate granted"
387,"Grants, Loans and Other Incentives","China","United States","19December2008","In consultations"
388,"Grants, Loans and Other Incentives","China","Mexico","19December2008","In consultations"
389,"Certain Measures Affecting Poultry Meat and Poultry Meat Products from the United States","European Communities","United States","16January2009","Panel established, but not yet composed"
390,"Grants, Loans and Other Incentives","China","Guatemala","19January2009","In consultations"
391,"Measures Affecting the Importation of Bovine Meat and Meat Products from Canada","Korea, Republic of","Canada","9April2009","Settled or terminated (withdrawn, mutually agreed solution)"
392,"Certain Measures Affecting Imports of Poultry from China","United States","China","17April2009","Report(s) adopted, no further action required"
393,"Anti-Dumping Measures on Imports of Wheat Flour from Argentina","Chile","Argentina","14May2009","In consultations"
394,"Measures Related to the Exportation of Various Raw Materials","China","United States","23June2009","Implementation notified by respondent"
395,"Measures Related to the Exportation of Various Raw Materials","China","European Communities","23June2009","Implementation notified by respondent"
396,"Taxes on Distilled Spirits","Philippines","European Communities","29July2009","Implementation notified by respondent"
397,"Definitive Anti-Dumping Measures on Certain Iron or Steel Fasteners from China","European Communities","China","31July2009","Report(s) adopted, with recommendation to bring measure(s) into conformity"
398,"Measures Related to the Exportation of Various Raw Materials","China","Mexico","21August2009","Implementation notified by respondent"
399,"Measures Affecting Imports of Certain Passenger Vehicle and Light Truck Tyres from China","United States","China","14September2009","Report(s) adopted, no further action required"
400,"Measures Prohibiting the Importation and Marketing of Seal Products","European Communities","Canada","2November2009","Report(s) adopted, with recommendation to bring measure(s) into conformity"
401,"Measures Prohibiting the Importation and Marketing of Seal Products","European Communities","Norway","5November2009","Report(s) adopted, with recommendation to bring measure(s) into conformity"
402,"Use of Zeroing in Anti-Dumping Measures Involving Products from Korea","United States","Korea, Republic of","24November2009","Implementation notified by respondent"
403,"Taxes on Distilled Spirits","Philippines","United States","14January2010","Implementation notified by respondent"
404,"Anti-dumping Measures on Certain Shrimp from Viet Nam","United States","Viet Nam","1February2010","Settled or terminated (withdrawn, mutually agreed solution)"
405,"Anti-Dumping Measures on Certain Footwear from China","European Union","China","4February2010","Implementation notified by respondent"
406,"Measures Affecting the Production and Sale of Clove Cigarettes","United States","Indonesia","7April2010","Mutually acceptable solution on implementation notified"
407,"Provisional Anti-Dumping Duties on Certain Iron and Steel Fasteners from the European Union","China","European Union","7May2010","In consultations"
408,"Seizure of Generic Drugs in Transit","European Union and a Member State","India","11May2010","In consultations"
409,"Seizure of Generic Drugs in Transit","European Union and a Member State","Brazil","12May2010","In consultations"
410,"Anti-Dumping Duties on Fasteners and Chains from Peru","Argentina","Peru","19May2010","In consultations"
411,"Measures Affecting the Importation and Internal Sale of Cigarettes and Alcoholic Beverages","Armenia","Ukraine","20July2010","In consultations"
412,"Certain Measures Affecting the Renewable Energy Generation Sector","Canada","Japan","13September2010","Implementation notified by respondent"
413,"Certain Measures Affecting Electronic Payment Services","China","United States","15September2010","Implementation notified by respondent"
414,"Countervailing and Anti-Dumping Duties on Grain Oriented Flat-rolled Electrical Steel from the United States","China","United States","15September2010","Report(s) adopted, with recommendation to bring measure(s) into conformity"
415,"Safeguard Measures on Imports of Polypropylene Bags and Tubular Fabric","Dominican Republic","Costa Rica","15October2010","Report(s) adopted, with recommendation to bring measure(s) into conformity"
416,"Safeguard Measures on Imports of Polypropylene Bags and Tubular Fabric","Dominican Republic","Guatemala","15October2010","Report(s) adopted, with recommendation to bring measure(s) into conformity"
417,"Safeguard Measures on Imports of Polypropylene Bags and Tubular Fabric","Dominican Republic","Honduras","18October2010","Report(s) adopted, with recommendation to bring measure(s) into conformity"
418,"Safeguard Measures on Imports of Polypropylene Bags and Tubular Fabric","Dominican Republic","El Salvador","19October2010","Report(s) adopted, with recommendation to bring measure(s) into conformity"
419,"Measures concerning wind power equipment","China","United States","22December2010","In consultations"
420,"Anti-dumping measures on corrosion-resistant carbon steel flat products from Korea","United States","Korea, Republic of","31January2011","Panel established, but not yet composed"
421,"Measures Affecting the Importation and Internal Sale of Goods (Environmental Charge)","Moldova, Republic of","Ukraine","17February2011","Panel established, but not yet composed"
422,"Anti-Dumping Measures on Shrimp and Diamond Sawblades from China","United States","China","28February2011","Implementation notified by respondent"
423,"Taxes on Distilled spirits","Ukraine","Moldova, Republic of","3March2011","Panel established, but not yet composed"
424,"Anti-Dumping Measures on Imports of Stainless Steel Sheet and Strip in Coils from Italy","United States","European Union","1April2011","In consultations"
425,"Definitive Anti-Dumping Duties on X-Ray Security Inspection Equipment from the European Union","China","European Union","25July2011","Implementation notified by respondent"
426,"Measures Relating to the Feed-in Tariff Program","Canada","European Union","11August2011","Implementation notified by respondent"
427,"Anti-Dumping and Countervailing Duty Measures on Broiler Products from the United States","China","United States","20September2011","Compliance proceedings ongoing"
428,"Safeguard measures on imports of cotton yarn (other than sewing thread)","Turkey","India","13February2012","In consultations"
429,"Anti-Dumping Measures on Certain Shrimp from Viet Nam","United States","Viet Nam","20February2012","Settled or terminated (withdrawn, mutually agreed solution)"
430,"Measures Concerning the Importation of Certain Agricultural Products","India","United States","6March2012","Authorization to retaliate requested (including 22.6 arbitration)"
431,"Measures Related to the Exportation of Rare Earths, Tungsten and Molybdenum","China","United States","13March2012","Implementation notified by respondent"
432,"Measures Related to the Exportation of Rare Earths, Tungsten and Molybdenum","China","European Union","13March2012","Implementation notified by respondent"
433,"Measures Related to the Exportation of Rare Earths, Tungsten and Molybdenum","China","Japan","13March2012","Implementation notified by respondent"
434,"Certain Measures Concerning Trademarks and Other Plain Packaging Requirements Applicable to Tobacco Products and Packaging","Australia","Ukraine","13March2012","Authority for panel lapsed"
435,"Certain Measures Concerning Trademarks, Geographical Indications and Other Plain Packaging Requirements Applicable to Tobacco Products and Packaging","Australia","Honduras","4April2012","Panel composed"
436,"Countervailing Measures on Certain Hot-Rolled Carbon Steel Flat Products from India","United States","India","12April2012","Report(s) adopted, with recommendation to bring measure(s) into conformity"
437,"Countervailing Duty Measures on Certain Products from China","United States","China","25May2012","Compliance proceedings ongoing"
438,"Measures Affecting the Importation of Goods","Argentina","European Union","25May2012","Report(s) adopted, with recommendation to bring measure(s) into conformity"
439,"Anti-Dumping Duties on Frozen Meat of Fowls from Brazil","South Africa","Brazil","21June2012","In consultations"
440,"Anti-Dumping and Countervailing Duties on Certain Automobiles from the United States","China","United States","5July2012","Report(s) adopted, no further action required"
441,"Certain Measures Concerning Trademarks, Geographical Indications and Other Plain Packaging Requirements Applicable to Tobacco Products and Packaging","Australia","Dominican Republic","18July2012","Panel composed"
442,"Anti-Dumping Measures on Imports of Certain Fatty Alcohols from Indonesia","European Union","Indonesia","30July2012","Panel report under appeal"
443,"Certain Measures Concerning the Importation of Biodiesels","European Union and a Member State","Argentina","17August2012","In consultations"
444,"Measures Affecting the Importation of Goods","Argentina","United States","21August2012","Report(s) adopted, with recommendation to bring measure(s) into conformity"
445,"Measures Affecting the Importation of Goods","Argentina","Japan","21August2012","Report(s) adopted, with recommendation to bring measure(s) into conformity"
446,"Measures Affecting the Importation of Goods","Argentina","Mexico","24August2012","In consultations"
447,"Measures Affecting the Importation of Animals, Meat and Other Animal Products from Argentina","United States","Argentina","30August2012","Report(s) adopted, with recommendation to bring measure(s) into conformity"
448,"Measures Affecting the Importation of Fresh Lemons","United States","Argentina","3September2012","In consultations"
449,"Countervailing and Anti-dumping Measures on Certain Products from China","United States","China","17September2012","Report(s) adopted, with recommendation to bring measure(s) into conformity"
450,"Certain Measures Affecting the Automobile and Automobile-Parts Industries","China","United States","17September2012","In consultations"
451,"Measures Relating to the Production and Exportation of Apparel and Textile Products","China","Mexico","15October2012","In consultations"
452,"Certain Measures Affecting the Renewable Energy Generation Sector","European Union and Certain Member States","China","5November2012","In consultations"
453,"Measures Relating to Trade in Goods and Services","Argentina","Panama","12December2012","Report(s) adopted, no further action required"
454,"Measures Imposing Anti-Dumping Duties on High-Performance Stainless Steel Seamless Tubes (“HP-SSST”) from Japan","China","Japan","20December2012","Report(s) adopted, with recommendation to bring measure(s) into conformity"
455,"Importation of horticultural products, animals and animal products","Indonesia","United States","10January2013","Panel established, but not yet composed"
456,"Certain Measures Relating to Solar Cells and Solar Modules","India","United States","6February2013","Report(s) adopted, with recommendation to bring measure(s) into conformity"
457,"Additional Duty on Imports of Certain Agricultural Products","Peru","Guatemala","12April2013","Report(s) adopted, with recommendation to bring measure(s) into conformity"
458,"Certain Measures Concerning Trademarks, Geographical Indications and Other Plain Packaging Requirements Applicable to Tobacco Products and Packaging","Australia","Cuba","3May2013","Panel composed"
459,"Certain Measures on the Importation and Marketing of Biodiesel and Measures Supporting the Biodiesel Industry","European Union","Argentina","15May2013","In consultations"
460,"Measures Imposing Anti-Dumping Duties on High-Performance Stainless Steel Seamless Tubes (“HP-SSST”) from the European Union","China","European Union","13June2013","Report(s) adopted, with recommendation to bring measure(s) into conformity"
461,"Measures Relating to the Importation of Textiles, Apparel and Footwear","Colombia","Panama","18June2013","Authorization to retaliate requested (including 22.6 arbitration)"
462,"Recycling Fee on Motor Vehicles","Russian Federation","European Union","9July2013","Panel established, but not yet composed"
463,"Recycling Fee on Motor Vehicles","Russian Federation","Japan","24July2013","In consultations"
464,"Anti-dumping and Countervailing Measures on large residential washers from Korea","United States","Korea, Republic of","29August2013","Report(s) adopted, with recommendation to bring measure(s) into conformity"
465,"Importation of Horticultural Products, Animals and Animal Products","Indonesia","United States","30August2013","In consultations"
466,"Importation of Horticultural Products, Animals and Animal Products","Indonesia","New Zealand","30August2013","In consultations"
467,"Certain Measures Concerning Trademarks, Geographical Indications and Other Plain Packaging Requirements Applicable to Tobacco Products and Packaging","Australia","Indonesia","20September2013","Panel composed"
468,"Definitive Safeguard Measures on Certain Passenger Cars","Ukraine","Japan","30October2013","Report(s) adopted, with recommendation to bring measure(s) into conformity"
469,"Measures on Atlanto-Scandian Herring","European Union","Denmark","4November2013","Settled or terminated (withdrawn, mutually agreed solution)"
470,"Anti-Dumping and Countervailing Duty Investigations on Certain Paper Products from Indonesia","Pakistan","Indonesia","27November2013","In consultations"
471,"Certain Methodologies and their Application to Anti-Dumping Proceedings Involving China","United States","China","3December2013","Appellate Body report circulated"
472,"Certain Measures Concerning Taxation and Charges","Brazil","European Union","19December2013","Panel composed"
473,"Anti-Dumping Measures on Biodiesel from Argentina","European Union","Argentina","19December2013","Report(s) adopted, with recommendation to bring measure(s) into conformity"
474,"Cost Adjustment Methodologies and Certain Anti-Dumping Measures on Imports from Russia","European Union","Russian Federation","23December2013","Panel established, but not yet composed"
475,"Measures on the Importation of Live Pigs, Pork and Other Pig Products from the European Union","Russian Federation","European Union","8April2014","Report(s) adopted, with recommendation to bring measure(s) into conformity"
476,"Certain Measures Relating to the Energy Sector","European Union","Russian Federation","30April2014","Panel composed"
477,"Importation of Horticultural Products, Animals and Animal Products","Indonesia","New Zealand","8May2014","Panel report under appeal"
478,"Importation of Horticultural Products, Animals and Animal Products","Indonesia","United States","8May2014","Panel report under appeal"
479,"Anti-Dumping Duties on Light Commercial Vehicles from Germany and Italy","Russian Federation","European Union","21May2014","Panel report under appeal"
480,"Anti-Dumping Measures on Biodiesel from Indonesia","European Union","Indonesia","10June2014","Panel composed"
481,"Recourse to article 22.2 of the DSU in the US","Indonesia","European Union","13June2014","Settled or terminated (withdrawn, mutually agreed solution)"
482,"Anti-Dumping Measures on Imports of Certain Carbon Steel Welded Pipe from The Separate Customs Territory of Taiwan, Penghu, Kinmen and Matsu","Canada","Chinese Taipei","25June2014","Report(s) adopted, with recommendation to bring measure(s) into conformity"
483,"Anti-Dumping Measures on Imports of Cellulose Pulp from Canada","China","Canada","15October2014","Panel report circulated"
484,"Measures Concerning the Importation of Chicken Meat and Chicken Products","Indonesia","Brazil","16October2014","Panel composed"
485,"Tariff Treatment of Certain Agricultural and Manufacturing Products","Russian Federation","European Union","31October2014","Report(s) adopted, with recommendation to bring measure(s) into conformity"
486,"Countervailing Measures on Certain Polyethylene Terephthalate from Pakistan","European Union","Pakistan","5November2014","Panel composed"
487,"Conditional Tax Incentives for Large Civil Aircraft","United States","European Union","19December2014","Panel report under appeal"
488,"Anti-Dumping Measures on Certain Oil Country Tubular Goods from Korea","United States","Korea, Republic of","22December2014","Panel composed"
489,"Measures Related to Demonstration Bases and common Service Platforms Programmes","China","United States","11February2015","Panel established, but not yet composed"
490,"Safeguard on Certain Iron or Steel Products","Indonesia","Chinese Taipei","12February2015","Panel composed"
491,"Anti-Dumping and Countervailing Measures on Certain Coated Paper from Indonesia","United States","Indonesia","13March2015","Panel composed"
492,"Measures Affecting Tariff Concessions on Certain Poultry Meat Products","European Union","China","8April2015","Report(s) adopted, with recommendation to bring measure(s) into conformity"
493,"Anti-Dumping Measures on Ammonium Nitrate","Ukraine","Russian Federation","7May2015","Panel composed"
494,"Cost Adjustment Methodologies and Certain Anti-Dumping Measures on Imports from Russia (Second complaint)","European Union","Russian Federation","7May2015","Panel established, but not yet composed"
495,"Import Bans, and Testing and Certification Requirements for Radionuclides","Korea, Republic of","Japan","21May2015","Panel composed"
496,"Safeguard on Certain Iron or Steel Products","Indonesia","Viet Nam","1June2015","Panel composed"
497,"Certain Measures Concerning Taxation and Charges","Brazil","Japan","2July2015","Panel composed"
498,"Anti-Dumping Duties on USB Flash Drives from the Separate Customs Territory of Taiwan, Penghu, Kinmen and Matsu","India","Chinese Taipei","24September2015","In consultations"
499,"Measures affecting the importation of railway equipment and parts thereof","Russian Federation","Ukraine","21October2015","Panel established, but not yet composed"
500,"Provisional Anti-Dumping Duties on Portland Cement from Pakistan","South Africa","Pakistan","9November2015","In consultations"
501,"Tax Measures Concerning Certain Domestically Produced Aircraft","China","United States","8December2015","In consultations"
502,"Measures Concerning Imported Spirits","Colombia","European Union","13January2016","Panel established, but not yet composed"
503,"Measures Concerning Non-Immigrant Visas","United States","India","3March2016","In consultations"
504,"Anti-Dumping Duties on Pneumatic Valves from Japan","Korea, Republic of","Japan","15March2016","Panel composed"
505,"Countervailing Measures on Supercalendered Paper from Canada","United States","Canada","30March2016","Panel composed"
506,"Measures Concerning the Importation of Bovine Meat","Indonesia","Brazil","4April2016","In consultations"
507,"Subsidies concerning Sugar","Thailand","Brazil","4April2016","In consultations"
508,"Export Duties on Certain Raw Materials","China","United States","13July2016","Panel established, but not yet composed"
509,"Duties and other Measures concerning the Exportation of Certain Raw Materials","China","European Union","19July2016","Panel established, but not yet composed"
510,"Certain Measures Relating to the Renewable Energy Sector","United States","India","9September2016","Panel established, but not yet composed"
511,"Domestic Support for Agricultural Producers","China","United States","13September2016","Panel established, but not yet composed"
512,"Measures Concerning Traffic in Transit","Russian Federation","Ukraine","14September2016","Panel established, but not yet composed"
513,"Anti-Dumping Measures on Certain Hot-Rolled Steel from Turkey","Morocco","Turkey","3October2016","Panel established, but not yet composed"
514,"Countervailing Measures on Cold- and Hot-Rolled Steel Flat Products from Brazil","United States","Brazil","11November2016","In consultations"
515,"Measures Related to Price Comparison Methodologies","United States","China","12December2016","In consultations"
516,"Measures Related to Price Comparison Methodologies","European Union","China","12December2016","Panel established, but not yet composed"
517,"Tariff Rate Quotas for Certain Agricultural Products","China","United States","15December2016","In consultations"
518,"Certain Measures on Imports of Iron and Steel Products","India","Japan","20December2016","Panel established, but not yet composed"
519,"Subsidies to Producers of Primary Aluminium","China","United States","12January2017","In consultations"
520,"Measures Governing the Sale of Wine in Grocery Stores","Canada","United States","18January2017","In consultations"
521,"Anti-Dumping Measures on Certain Cold-Rolled Flat Steel Products from Russia","European Union","Russian Federation","27January2017","In consultations"
522,"Measures Concerning Trade in Commercial Aircraft","Canada","Brazil","8February2017","In consultations"
523,"Countervailing Measures on Certain Pipe and Tube Products (Turkey)","United States","Turkey","8March2017","In consultations"
524,"Measures Concerning the Importation of Fresh Avocados from Mexico","Costa Rica","Mexico","8March2017","In consultations"
